ID,SEXO,EDAD,TUMOR,CIRUGÍA_TUMOR_PRIMARIO,HISTOLOGIA,PDL-1,MUTACIONES,ESTADIO,EXTENSION,METASTASIS,INMUNOTERAPIA,INICIO,LINEA,RESPUESTA PRECOZ,CICLO,EAIR,GRADO,CORTICOIDES,CICLO EAIR,TOTAL CICLOS,RESPUESTA,ESTADO,FECHA MEJOR RESPUESTA,FIN INMUNOTERAPIA,FECHA ÚLTIMO SEGUIMIENTO,COMENTARIOS
A8iumMCUAs,Varon,60,MELANOMA,,PIEL,,BRAFV600E,IV,,1_3,NIVOLUMAB,2018-05-14,PRIMERA,RC,42,1,2,SI,24,70,RC,FALLECIDO,2020-06-17,2022-03-20,2023-03-02,
Cg39kHP38W,Varon,60,PULMON,,ADENOCARCINOMA,80-90%,NEGATIVO,IV,,3_4,PEMBROLIZUMAB,2017-11-22,PRIMERA,RP,3,2,3,NO,36,36,RP,FALLECIDO,2018-01-11,2019-12-20,2020-04-30,
7ZIdVnvrJM,Varon,67,MELANOMA,,PIEL,5%,NEGATIVO,IV,,1_2_4,NIVOLUMAB,2019-05-08,PRIMERA,PD,4,3,1,SI,3,8,EE,FALLECIDO,2019-08-13,2019-09-02,2019-09-07,
ayqbdP4J7D,Varon,42,MELANOMA,2014-05-11,PIEL,20%,BRAFV600E,IV,,4,NIVOLUMAB,2016-06-22,PRIMERA,RP,6,"1,4","3,4",SI,39,39,RC,VIVO,2018-10-04,,2024-09-13,
lkwP26pLL0,Varon,61,PULMON,,ADENOCARCINOMA,<1%,NEGATIVO,IV,,3_5,ATEZOLIZUMAB,2019-05-14,SEGUNDA,PD,6,0,0,NO,0,6,PD,FALLECIDO,,,2019-11-27,
6OimS5KAr4,Mujer,60,PULMON,,ADENOCARCINOMA,80-90%,NEGATIVO,III,A,0,DURVALUMAB,2018-03-23,ADYUVANCIA,RC,6,0,0,NO,0,21,PD,VIVO,2018-06-19,2019-01-10,2023-05-30,
Zc3f27cd16,Mujer,76,MELANOMA,,MUCOSA,<1%,NEGATIVO,IV,,1_2,NIVOLUMAB,2018-09-12,PRIMERA,PD,10,0,0,NO,0,10,PD,FALLECIDO,,2019-02-14,2019-02-14,
keRIE20fPb,Varon,62,PULMON,2017-11-02,ADENOCARCINOMA,<1%,NEGATIVO,III,C,0,DURVALUMAB,2018-02-26,ADYUVANCIA,RC,1,0,0,NO,0,59,RC,FALLECIDO,2018-10-31,2020-11-13,2022-02-04,
ufszxLVt8Z,Varon,76,PULMON,,ESCAMOSO,,DESCONOCIDO,IV,,4_6,NIVOLUMAB,2016-09-28,TERCERA,EE,6,6,3,SI,26,65,EE,FALLECIDO,2016-12-01,2024-02-19,2024-02-19,
dGR24HSS4O,Varon,65,PULMON,,ADENOCARCINOMA,25%,NEGATIVO,III,C,0,DURVALUMAB,2018-02-08,ADYUVANCIA,RP,7,7,3,SI,2,7,RP,FALLECIDO,2019-02-14,2018-11-14,2020-04-19,
5hIYCvKmjG,Varon,77,PULMON,,ADENOCARCINOMA,10-15%,NEGATIVO,IV,,1_4,PEMBROLIZUMAB,2018-08-01,SEGUNDA,EE,4,5,2,NO,7,17,EE,FALLECIDO,2018-10-04,2019-08-16,2019-11-17,
XErflq0CnG,Varon,78,MELANOMA,2018-12-09,PIEL,<1%,NEGATIVO,IV,,1_2_3_4,NIVOLUMAB,2019-03-07,PRIMERA,RP,11,3,2,NO,11,60,RP,FALLECIDO,2019-07-25,2022-03-02,2022-11-10,
plZYt0IUSd,Varon,68,PULMON,,ADENOCARCINOMA,60-70%,NEGATIVO,IV,,1_4,PEMBROLIZUMAB,2019-02-04,SEGUNDA,EE,6,0,0,NO,0,16,PD,FALLECIDO,2019-06-10,2020-02-23,2020-08-07,
JvpqLKEGkT,Varon,64,PULMON,,ADENOCARCINOMA,,NEGATIVO,IV,,2,NIVOLUMAB,2016-01-01,SEGUNDA,RP,6,0,0,NO,0,90,RP,FALLECIDO,2016-03-03,2021-01-30,2021-01-30,
Q3ADePWKjz,Varon,64,PULMON,,ADENOCARCINOMA,> 95-100% ,NEGATIVO,IV,,4_5,PEMBROLIZUMAB,2018-11-28,PRIMERA,EE,4,8,3,SI,7,60,EE,FALLECIDO,2019-01-22,2022-03-29,2023-11-01,
wByghZgFrV,Varon,72,PULMON,,ESCAMOSO,20%,NEGATIVO,III,A,0,DURVALUMAB,2019-03-04,ADYUVANCIA,RC,7,0,0,NO,0,26,RC,VIVO,2019-06-10,2020-03-05,2024-12-05,
hkBl0t7bsT,Mujer,74,MELANOMA,2017-04-18,PIEL,,BRAFV600E,IV,,4_7,NIVOLUMAB,2019-01-31,PRIMERA,RC,3,0,0,NO,0,27,RC,VIVO,2019-03-01,,2023-09-19,
vtWh5EL0eJ,Mujer,33,MELANOMA,2019-05-19,PIEL,<1%,BRAFV600E,III,C,0,NIVOLUMAB,2019-08-16,ADYUVANCIA,RC,6,0,0,NO,0,16,RC,VIVO,2019-11-20,2020-08-16,2024-10-03,
2tr8aJTwje,Mujer,68,PULMON,,ESCAMOSO,> 95-100%,NEGATIVO,IV,,1,PEMBROLIZUMAB,2020-02-13,PRIMERA,RP,16,6,1,NO,6,26,RP,FALLECIDO,2020-12-30,2023-05-11,2023-05-11,
imK33VWjsi,Varon,71,PULMON,,ADENOCARCINOMA,<1%,MET EXON 14 p.Thr1010Ile,IV,,1_2,QT+PEMBROLIZUMAB,2020-03-05,PRIMERA,EE,4,"1,7",2,SI,8,18,EE,FALLECIDO,2020-08-02,2021-04-13,2022-11-02,
1KTq52U2R0,Mujer,23,MELANOMA,2020-01-12,PIEL,,NEGATIVO,III,C,0,NIVOLUMAB,2020-03-06,ADYUVANCIA,RC,4,"3,9,10",2,NO,8,15,RC,VIVO,2020-06-06,2021-03-06,2024-12-05,
pzU2VuDJ0d,Mujer,62,MELANOMA,,PIEL,,NEGATIVO,IV,,3_4,NIVOLUMAB,2020-01-08,PRIMERA,PD,4,0,0,NO,0,6,PD,FALLECIDO,,2020-04-01,2020-05-21,
F3V49INJA1,Varon,49,MELANOMA,,PIEL,,BRAFV600K/R/M,IV,,4_6,NIVOLUMAB,2018-12-28,PRIMERA,RP,6,0,0,NO,0,55,RP,VIVO,2019-06-19,,2024-12-10,
pLAMXiZFdf,Varon,72,MELANOMA,2019-10-20,PIEL,10%,BRAFV600K/R,III,C,0,NIVOLUMAB,2019-12-19,ADYUVANCIA,PD,6,0,0,NO,0,6,PD,FALLECIDO,,2020-04-14,2020-05-27,
0GPego4ZGG,Mujer,70,MELANOMA,2017-03-29,ACRAL,<1%,NEGATIVO,IV,,4_7,PEMBROLIZUMAB,2019-11-11,PRIMERA,EE,11,9,2,SI,1,4,EE,FALLECIDO,2020-09-05,2020-12-23,2021-10-23,
XPBgOPFoUS,Mujer,48,MELANOMA,2016-12-15,PIEL,,NEGATIVO,IV,,1_2_4,NIVOLUMAB,2018-11-08,PRIMERA,RP,34,0,0,NO,0,54,RP,VIVO,2020-03-04,,2024-12-10,
5heLnCw4rf,Varon,76,PULMON,,ADENOCARCINOMA,>50%,NEGATIVO,IV,,1,PEMBROLIZUMAB,2020-01-27,PRIMERA,RP,3,0,0,NO,0,3,RP,FALLECIDO,2020-03-25,2022-09-30,2023-10-18,
n6Gc0WipUi,Varon,69,MELANOMA,2019-05-20,PIEL,,NEGATIVO,IV,,3,NIVOLUMAB,2019-07-22,PRIMERA,RP,16,0,0,NO,0,18,RP,VIVO,2020-03-09,2020-07-20,2024-09-09,
gEP7hjaQT2,Mujer,40,MELANOMA,,DESCONOCIDO,,NEGATIVO,III,C,0,NIVOLUMAB,2019-12-13,ADYUVANCIA,RC,1,3,2,NO,4,15,RC,VIVO,2019-12-19,2020-12-19,2021-09-07,
dP2nlgGpzN,Varon,59,MELANOMA,2019-11-27,PIEL,,BRAFV600E/V600E2/V600D,III,C,0,NIVOLUMAB,2020-02-21,ADYUVANCIA,RC,1,0,0,NO,0,15,PD,FALLECIDO,2020-03-18,2021-03-18,2024-01-19,
DzyV5IQrS3,Varon,63,PULMON,,ADENOCARCINOMA,30%,KRAS EXON 2 CODON 12 p.Gly12Cys,IV,,1,ATEZOLIZUMAB,2020-01-27,SEGUNDA,EE,3,0,0,NO,0,10,PD,FALLECIDO,2020-03-13,2020-10-16,2020-11-20,Progresion 9 meses IT
PbEpDH5e76,Varon,73,PULMON,,ESCAMOSO,10%,NEGATIVO,III,A,0,DURVALUMAB,2020-02-14,ADYUVANCIA,EE,6,0,0,NO,0,24,PD,VIVO,2020-09-10,2021-02-20,2024-11-21,
Tc9FKsT7wk,Varon,53,PULMON,,ADENOCARCINOMA,<1%,NEGATIVO,IV,,3,QT+PEMBROLIZUMAB,2019-10-10,PRIMERA,RP,1,0,0,NO,0,24,PD,FALLECIDO,2019-11-11,2020-12-30,2022-09-26,Progresión al año
4PGYc8PIZY,Mujer,70,MELANOMA,2019-10-06,MUCOSA,<1%,NEGATIVO,IV,,4_6,NIVOLUMAB,2019-12-30,PRIMERA,RP,6,0,0,NO,0,11,PD,FALLECIDO,2020-03-16,2020-07-15,2021-02-22,
VGcpZA7un4,Varon,60,MELANOMA,2020-01-12,PIEL,<1%,NEGATIVO,III,C,0,PEMBROLIZUMAB,2020-04-02,ADYUVANCIA,RC,3,0,0,NO,0,18,PD,VIVO,2020-06-20,2021-04-20,2024-12-10,Progresion al año. RE-tratamiento
Hr50c1WHY4,Mujer,76,MELANOMA,2019-09-25,PIEL,,BRAFV600,III,C,0,PEMBROLIZUMAB,2020-02-26,ADYUVANCIA,RC,1,4,3,SI,4,4,RC,VIVO,2020-03-26,2022-11-01,2024-12-10,
LrhwIwLWJ4,Varon,66,PULMON,,ADENOCARCINOMA,30%,NEGATIVO,IV,,1,ATEZOLIZUMAB,2019-09-27,TERCERA,EE,4,0,0,NO,0,10,EE,FALLECIDO,2019-12-17,2020-08-20,2020-08-21,progresion clinica
PwUsspECne,Varon,51,MELANOMA,2019-04-03,PIEL,,BRAFV600E/D,III,C,0,NIVOLUMAB,2019-07-04,ADYUVANCIA,RC,1,0,0,NO,0,22,RC,VIVO,2019-07-18,2020-06-10,2024-12-10,sin enfermedad
6ngwC5iU4O,Varon,65,MELANOMA,2019-09-22,PIEL,5%,NEGATIVO,III,B,0,NIVOLUMAB,2019-11-21,ADYUVANCIA,RC,1,0,0,NO,0,24,RC,VIVO,2019-12-05,2020-11-20,2024-10-10,
u55yrZRotW,Mujer,76,PULMON,,ADENOCARCINOMA,60%,KRAS SNV EXON 2 CODON 12  p.Gly12Asp9  ,IV,A,1,PEMBROLIZUMAB,2019-09-30,PRIMERA,EE,3,0,0,NO,0,15,PD,FALLECIDO,2019-11-11,2020-09-07,2020-09-14,Fallecida al año
SWRV1JkUUQ,Mujer,68,MELANOMA,,PIEL,,NEGATIVO,IV,,1_4,NIVOLUMAB,2019-10-02,PRIMERA,RP,6,0,0,NO,0,27,RP,VIVO,2019-12-17,,2024-12-12,
eCVHwqxqYF,Varon,63,PULMON,2014-04-08,ESCAMOSO,<1%,NEGATIVO,IV,,1,ATEZOLIZUMAB,2019-08-28,SEGUNDA,EE,4,0,0,NO,0,37,EE,VIVO,2020-11-19,,2024-12-14,
sRO7MMX8Jt,Varon,74,PULMON,,ADENOCARCINOMA,95,NEGATIVO,IV,A,1,PEMBROLIZUMAB,2019-06-01,SEGUNDA,RP,4,0,0,NO,0,37,PD,FALLECIDO,2019-09-25,2023-05-20,2023-12-13,
tYycsD8FSb,Mujer,51,PULMON,,ADENOCARCINOMA,10%,SNV KRAS EXON 2 CODON 12 (p.Gly12Asp),IV,,1_4_3,QT+PEMBROLIZUMAB,2019-12-19,PRIMERA,RC,10,7,1,SI,7,26,PD,FALLECIDO,2020-09-23,2021-06-23,2021-09-08,
UZrfT9EWw2,Varon,63,MELANOMA,,MUCOSA,,NEGATIVO,IV,,4,PEMBROLIZUMAB,2019-11-28,PRIMERA,RP,9,0,0,NO,0,40,PD,FALLECIDO,2020-06-20,2021-11-24,2022-01-26,
niZY8PxuCJ,Varon,72,MELANOMA,2012-09-01,PIEL,,BRAF V600K,IV,,7,PEMBROLIZUMAB,2020-06-03,PRIMERA,PD,3,0,0,NO,0,3,PD,FALLECIDO,,2020-08-05,2021-03-21,
5SdDhd71vo,Mujer,75,PULMON,,ESCAMOSO,<1%,NEGATIVO,IV,,1,NIVOLUMAB,2020-05-21,PRIMERA,EE,6,0,0,NO,0,13,PD,FALLECIDO,2020-08-20,2020-11-22,2020-12-12,
EgauPOFGjK,Varon,62,PULMON,,ADENOCARCINOMA,<1%,MAP2K2 SNV p.Gln60Pro,IV,,3_4,NIVOLUMAB,2020-01-14,PRIMERA,RP,5,0,0,NO,0,60,EE,VIVO,2020-02-05,2022-08-10,2024-12-12,
QTavjypHYA,Varon,71,PULMON,,ESCAMOSO,90,NEGATIVO,IV,,1_3,PEMBROLIZUMAB,2020-02-19,PRIMERA,RP,10,0,0,NO,0,27,RP,VIVO,2020-09-02,,2024-12-20,
Fa5T9KeY1S,Varon,75,PULMON,,ESCAMOSO,>50,NEGATIVO,IV,,1_4,PEMBROLIZUMAB,2020-07-08,PRIMERA,RP,5,0,0,NO,0,28,PD,FALLECIDO,2020-10-01,2021-11-24,2021-11-24,
c69ScJXwll,Varon,61,PULMON,,ESCAMOSO,10-30%,NEGATIVO,III,A,0,DURVALUMAB,2019-10-30,ADYUVANCIA,RC,1,9,12,NO,0,24,RC,VIVO,2019-11-15,2020-10-30,2024-12-15,
rD0mlzdD11,Varon,72,PULMON,,ADENOCARCINOMA,>50,"KRAS 2 p.Gly12Asp
",III,A,0,DURVALUMAB,2020-06-23,ADYUVANCIA,RC,14,7,1,NO,8,6,PD,FALLECIDO,2020-10-28,2020-05-03,2021-08-13,
YY8Hf4hgYk,Varon,66,PULMON,,ESCAMOSO,20,NEGATIVO,III,C,0,DURVALUMAB,2020-02-10,ADYUVANCIA,RC,6,0,0,NO,0,24,PD,FALLECIDO,2020-09-30,2021-02-10,2022-05-03,Añadir sp pd
f1spIAFCA2,Mujer,60,PULMON,,ESCAMOSO,5,NEGATIVO,IV,,1_4,NIVOLUMAB,2020-08-10,PRIMERA,EE,6,0,0,NO,0,24,PD,FALLECIDO,2020-10-28,2021-06-15,2021-08-17,
7wlOl2iG7F,Varon,69,MELANOMA,2018-01-15,PIEL,,NEGATIVO,IV,,1,NIVOLUMAB,2020-11-27,PRIMERA,PD,9,0,0,NO,0,9,PD,FALLECIDO,,2021-05-15,2021-09-27,
0PdcqRdfqx,Varon,72,MELANOMA,2017-04-04,ACRAL,<1,NEGATIVO,IV,,1_4_7,NIVOLUMAB,2020-12-28,PRIMERA,PD,5,0,0,NO,0,5,PD,FALLECIDO,,2021-02-08,2024-08-01,
feC31F2lHO,Varon,58,PULMON,,ADENOCARCINOMA,<1,NEGATIVO,III,C,1_4,ATEZOLIZUMAB,2020-07-20,SEGUNDA,EE,6,0,0,NO,0,10,PD,FALLECIDO,2020-10-02,2021-01-25,2021-02-03,
0woSiurg93,Mujer,54,MELANOMA,2017-10-04,PIEL,<1,BRAFV600E/D,IV,,1,PEMBROLIZUMAB,2020-07-24,PRIMERA,PD,4,0,0,NO,0,4,PD,FALLECIDO,,2020-09-15,2022-03-05,
7umXywUt4T,Varon,66,MELANOMA,2020-07-01,PIEL,,NEGATIVO,III,C,0,PEMBROLIZUMAB,2020-09-24,ADYUVANCIA,PD,6,0,0,NO,0,6,PD,FALLECIDO,,2021-02-05,2021-12-01,
TCbIbzMSmj,Varon,64,PULMON,2018-04-10,ESCAMOSO,100,NEGATIVO,III,C,0,DURVALUMAB,2020-05-04,ADYUVANCIA,RP,4,0,0,NO,0,18,RP,VIVO,2020-07-16,,2023-09-09,
18x1OfUZMt,Varon,63,PULMON,,ADENOCARCINOMA,50,NEGATIVO,III,B,0,DURVALUMAB,2020-12-11,ADYUVANCIA,PD,6,0,0,NO,0,6,PD,FALLECIDO,,2021-03-18,2022-01-09,
cahJrXX64s,Varon,58,PULMON,,ADENOCARCINOMA,95,MET,IV,,4,PEMBROLIZUMAB,2021-01-21,PRIMERA,EE,4,0,0,NO,0,12,PD,FALLECIDO,2021-04-15,2021-08-24,2024-04-05,
9Rw2Q4Iyd4,Varon,63,PULMON,2020-03-18,ADENOCARCINOMA,>50,NEGATIVO,IV,,4,PEMBROLIZUMAB,2020-09-25,PRIMERA,RP,5,1;3,3,SI,7,14,EE,VIVO,2021-03-02,,2025-01-09,
rshIT6cHze,Varon,64,MELANOMA,2023-03-10,PIEL,,BRAFV600E/D,IV,,5,PEMBROLIZUMAB,2020-09-28,ADYUVANCIA,PD,8,0,0,NO,0,8,PD,FALLECIDO,,2021-03-05,2023-05-09,
Q8fSHhJ4nE,Mujer,56,MELANOMA,,PIEL,,BRAFV600E/D,IV,,1_6,PEMBROLIZUMAB,2020-08-03,PRIMERA,RP,4,0,0,NO,0,10,RP,VIVO,2020-11-12,,2025-01-10,
IZJXq2CuL6,Mujer,47,MELANOMA,2020-07-31,PIEL,,NEGATIVO,III,C,0,PEMBROLIZUMAB,2020-09-17,ADYUVANCIA,RC,4,2,1,NO,7,18,RC,VIVO,2021-09-01,2022-09-01,2025-01-10,
YP40HM64m2,Mujer,44,MELANOMA,,PIEL,,"PIK3CA EXON 10 p.Glu545Lys MNV BRAF 15 p.Val600Lys 
 SNV GEN BRAF 15 p.Val600Met ",IV,,1_3,NIVOLUMAB,2021-01-08,PRIMERA,RC,8,3,1,NO,4,15,RC,VIVO,2021-04-15,,2025-01-11,
GGW6XxvP3j,Varon,52,PULMON,2018-02-15,ADENOCARCINOMA,<1,NEGATIVO,IV,,4,ATEZOLIZUMAB,2021-02-03,SEGUNDA,EE,4,0,0,NO,0,12,PD,FALLECIDO,2021-04-28,2021-09-29,2022-08-25,
GJimhPrqW4,Varon,68,PULMON,,ADENOCARCINOMA,<1,NEGATIVO,IV,,1_4_3,CARBOPLATINO_PACLITAXEL_ATEZOLIZUMAB_BEVACIZUMAB,2021-02-15,PRIMERA,RP,8,0,0,NO,0,20,RP,FALLECIDO,2021-06-10,2021-11-14,2023-05-09,
pXcj9Tjf2Q,Varon,72,PULMON,,ESCAMOSO,<1,NEGATIVO,IV,,1_4,NIVOLUMAB,2020-12-10,SEGUNDA,RP,7,0,0,NO,0,21,RP,FALLECIDO,2021-03-08,2022-01-05,2022-12-23,
2wWWzVhpTn,Mujer,61,MELANOMA,2020-11-16,PIEL,10,NEGATIVO,III,B,0,PEMBROLIZUMAB,2021-03-18,ADYUVANCIA,RC,3,2,3,SI,3,12,RC,VIVO,2021-03-28,2022-02-20,2025-01-02,
JxBZd1OOGp,Varon,56,PULMON,,ADENOCARCINOMA,>50,NEGATIVO,IV,,1_6,PEMBROLIZUMAB,2019-04-03,SEGUNDA,EE,12,0,0,NO,0,19,PD,FALLECIDO,2019-11-11,2020-04-03,2020-12-21,
0foloUi9xL,Varon,76,MELANOMA,2019-05-13,PIEL,,NEGATIVO,III,D,0,PEMBROLIZUMAB,2020-05-28,ADYUVANCIA,RC,7,1_3_7,2,SI,3,18,RC,VIVO,2020-09-04,2021-06-01,2025-01-02,
B5MOrmV0RV,Varon,40,MELANOMA,2020-07-08,PIEL,,NEGATIVO,III,A,0,PEMBROLIZUMAB,2020-07-15,ADYUVANCIA,RC,3,1,1,NO,3,18,RC,VIVO,2021-09-17,2021-07-15,2025-01-02,
5vEkv3HquE,Varon,67,PULMON,,ADENOCARCINOMA,>50, KRAS EXON 2 CODON 12 p.Gly12Cys,IV,,1_4_6,PEMBROLIZUMAB,2020-08-28,PRIMERA,RP,3,1,1,NO,3,18,RP,VIVO,2020-10-05,,2025-01-02,
Lo2tClLXRo,Mujer,48,MELANOMA,2020-07-15,PIEL,20,BRAFV600E/D,III,B,0,PEMBROLIZUMAB,2020-08-21,ADYUVANCIA,RC,3,1,1,NO,3,18,RC,VIVO,2020-12-02,2021-08-20,2024-12-19,
KirydEcYj8,Varon,63,PULMON,,ADENOCARCINOMA,<1,KRAS EXON 2 CODON 12 p.Gly12Asp,IV,,1_3,CARBOPLATINO_PACLITAXEL_ATEZOLIZUMAB_BEVACIZUMAB,2021-01-29,PRIMERA,PD,3,0,0,NO,3,3,PD,FALLECIDO,,2021-04-20,2021-07-21,
cQaxpur0Ui,Mujer,71,PULMON,,ADENOCARCINOMA,5,NEGATIVO,IV,,1_4,QT+PEMBROLIZUMAB,2021-03-06,PRIMERA,EE,3,0,0,NO,3,11,EE,FALLECIDO,2021-07-13,2022-05-20,2023-02-16,
13w8UdZFLO,Mujer,62,PULMON,,ESCAMOSO,<1,NEGATIVO,IV,,1_2,NIVOLUMAB,2020-12-04,PRIMERA,RP,17,1,1,NO,17,20,RP,FALLECIDO,2021-09-08,2023-07-02,2024-10-04,
I7pcqknREy,Varon,51,MELANOMA,2013-10-13,PIEL,,NEGATIVO,IV,,4,NIVOLUMAB,2016-09-27,SEGUNDA,RP,11,1,1, NO,11,120,EE,VIVO,2017-03-07,,2025-01-02,
F45qeMElws,Mujer,40,MELANOMA,2020-10-02,PIEL,75,BRAFV600E/D,III,A,0,PEMBROLIZUMAB,2020-11-19,ADYUVANCIA,RC,3,1,1,NO,3,17,RC,VIVO,2021-02-15,2021-11-20,2025-01-02,
wHy63fX4oH,Varon,55,PULMON,,ESCAMOSO,49,NEGATIVO,III,B,0,DURVALUMAB,2021-03-22,ADYUVANCIA,RP,6,1,1,NO,6,12,RP,VIVO,2021-06-28,2022-04-20,2025-01-02,
NB12GGZ1MJ,Mujer,70,PULMON,,ADENOCARCINOMA,10,"KRAS EXON 2CODON 12 (p.Gly12Aspl)

",IV,,1_3_5,QT+PEMBROLIZUMAB,2021-03-23,PRIMERA,RC,4,5_11,3,NO,1,11,RC,FALLECIDO,2021-06-20,2022-05-10,2022-08-10,
oKOxQeCCrK,Varon,64,PULMON,2013-06-20,ADENOCARCINOMA,>50,KRAS SNV p.Gln61,IV,,1_4,PEMBROLIZUMAB,2018-12-03,PRIMERA,RP,4,12,4,SI,4,12,RP,FALLECIDO,2019-03-25,,2023-11-01,
jLR8cC1QVL,Varon,37,MELANOMA,2021-01-03,PIEL,,BRAFV600E/D,III,B,0,PEMBROLIZUMAB,2021-05-14,ADYUVANCIA,RC,1,6,1,NO,4,8,RC,VIVO,2021-06-09,2022-04-20,2025-01-02,
sIFfHSv78b,Varon,74,PULMON,,ESCAMOSO,95-100,NEGATIVO,IV,,1,PEMBROLIZUMAB,2021-04-15,PRIMERA,EE,1,6,4,NO,4,,EE,FALLECIDO,2021-08-19,2023-09-18,2024-05-02,
1zZUiS2eXX,Mujer,70,MELANOMA,2020-08-24,PIEL,40,BRAFV600E/D,III,B,0,PEMBROLIZUMAB,2020-12-18,ADYUVANCIA,PD,8,5_11,3,SI,8,16,RC,VIVO,2021-01-20,2022-01-27,2025-01-02,
YPuMBTPIko,Varon,48,PULMON,,ADENOCARCINOMA,95-100,"BRAF EXON 11 p.Gly466Val 
KRAS EXON 2 CODON 12 p.Gly12Cys",IV,,1_3_4,QT+PEMBROLIZUMAB,2020-09-12,PRIMERA,RC,8,13,2,SI,3,30,PD,FALLECIDO,2021-01-29,2022-12-23,2024-01-12,
Rua1uqOHmH,Mujer,66,PULMON,,ADENOCARCINOMA,95-100,AMPLIFICACION CDK4 ,IV,,1_3_4_6,PEMBROLIZUMAB,2021-06-14,PRIMERA,RP,3,6,2,SI,3,7,EE,FALLECIDO,2021-08-31,2021-11-11,2023-02-16,
CE4YNOaGsy,Varon,62,PULMON,,ADENOCARCINOMA,<1,NEGATIVO,IV,,1_4_6,QT+PEMBROLIZUMAB,2021-06-11,PRIMERA,PD,3,0,0,NO,0,3,PD,FALLECIDO,,2021-09-29,2021-09-29,
zE2jXLaM5W,Varon,65,PULMON,,ADENOCARCINOMA,<1,KRAS EXON 4 p.Ala146Thr,IV,,1_3_4,QT+PEMBROLIZUMAB,2021-07-03,PRIMERA,PD,3,0,0,NO,0,3,PD,FALLECIDO,2021-08-18,2021-08-18,2021-11-22,
7Q0QboRrid,,,,,,,,,,,,,,,,,,,,,,,,,,
5EzuYnw3oL,Varon,65,MELANOMA,,,,NEGATIVO,IV,,3,PEMBROLIZUMAB,2021-06-18,PRIMERA,PD,3,0,0,NO,0,3,PD,FALLECIDO,,2021-09-23,2021-12-22,
CNxjUZYwiL,Mujer,72,MELANOMA,,PIEL,,BRAFV600E/D,IV,,4,PEMBROLIZUMAB,2021-07-03,SEGUNDA,EE,3,0,0,NO,0,7,EE,FALLECIDO,2021-09-06,2022-07-01,2023-07-09,
IViEZPDZrm,Varon,63,PULMON,,ADENOCARCINOMA,95-100,"GEN PIK3CA EXON 10 p.Glu542Lys 
 SNV KRAS EXON 2 CODON 12 p.Gly12Cys ",IV,,1_3_4,PEMBROLIZUMAB,2021-03-03,PRIMERA,EE,3,0,0,NO,0,12,PD,FALLECIDO,2021-11-03,2021-11-03,2021-11-03,
ghsQlTOIM4,Varon,73,PULMON,,NOS,<1,NEGATIVO,IV,,1_4,ATEZOLIZUMAB,2021-06-10,SEGUNDA,RP,3,0,0,NO,0,7,RP,FALLECIDO,2021-09-30,2022-09-12,2022-09-12,
hm6JqcM42V,Varon,66,PULMON,,ADENOCARCINOMA,<1,NEGATIVO,IV,,1_4,CARBOPLATINO_PACLITAXEL_ATEZOLIZUMAB_BEVACIZUMAB,2021-07-30,PRIMERA,EE,5,0,0,NO,0,8,EE,VIVO,2021-10-25,,2023-01-16,
tXqojvQByn,Varon,76,MELANOMA,2021-06-27,PIEL,60,BRAFV600E/D,III,C,0,PEMBROLIZUMAB,2021-08-25,ADYUVANCIA,RC,3,0,0,NO,0,4,RC,VIVO,2021-09-30,2022-08-10,2025-01-02,
uLreVWlCOK,Varon,51,PULMON,,ESCAMOSO,90,NEGATIVO,IV,,6,PEMBROLIZUMAB,2020-01-22,PRIMERA,RP,4,0,0,NO,0,26,RP,VIVO,2021-10-24,,2025-01-02,
gNwANJTNXt,Varon,70,PULMON,,ADENOCARCINOMA,80,NEGATIVO,IV,A,1_4_6,PEMBROLIZUMAB,2021-04-20,PRIMERA,RP,4,3,1,NO,10,12,RP,VIVO,2021-08-27,2025-01-02,2023-09-16,
oqBjFZcqfP,Varon,56,PULMON,,ADENOCARCINOMA,70,NEGATIVO,IV,B,1_2_6,PEMBROLIZUMAB,2020-07-08,PRIMERA,RP,4,5_6_13,1,NO,3,25,RP,FALLECIDO,2020-09-10,2022-10-05,2022-12-23,
hdvqWCxLjQ,Varon,54,MELANOMA,2020-06-07,PIEL,<1,BRAFV600E/D,III,A,0,PEMBROLIZUMAB,2020-08-13,ADYUVANCIA,RC,3,0,3,NO,3,18,RC,VIVO,2020-10-01,,2025-01-02,
9cD4udE8l4,Mujer,63,PULMON,,ADENOCARCINOMA,1-49,NEGATIVO,IV,B,1_3_4,NIVOLUMAB,2021-04-30,SEGUNDA,EE,4,14,1,NO,8,12,EE,VIVO,2021-07-10,2023-01-09,2025-01-02,
1qMxumje0z,Varon,20,MELANOMA,2020-09-21,PIEL,,NEGATIVO,III,C,0,PEMBROLIZUMAB,2020-12-01,ADYUVANCIA,RC,3,2,1,NO,2,18,RC,VIVO,2021-03-03,2021-12-01,2025-01-02,
A3IrMVMrBK,Varon,68,PULMON,,ADENOCARCINOMA,1-49,KRAS EXON 2 CODON 12 p.Gly12Asp,IV,,1_3_4,CARBOPLATINO_PACLITAXEL_ATEZOLIZUMAB_BEVACIZUMAB,2021-06-07,PRIMERA,RP,3,3,3,SI,3,3,RP,FALLECIDO,2021-09-20,2021-09-20,2022-12-18,
dY5hc5FLin,Mujer,49,PULMON,,ADENOCARCINOMA,5_10,KRAS 2 p.Gly12Ala/PIK3CA 10 p.Glu545Lys/SNV PIK3CA 21 p.His1047Tyr ,III,A,1,QT+PEMBROLIZUMAB,2022-07-25,PRIMERA,PD,3,3,1,NO,1,3,PD,FALLECIDO,,2022-10-30,2022-11-18,
cf1BU0m5HH,Mujer,75,PULMON,2020-11-26,ADENOCARCINOMA,<1,NEGATIVO,IV,A,1,ATEZOLIZUMAB,2022-07-22,SEGUNDA,PD,3,0,0,NO,0,4,PD,FALLECIDO,,2022-11-09,2023-05-15,
bt5c0N5Mry,Varon,60,PULMON,,ADENOCARCINOMA,5_10,NEGATIVO,IV,A,1,ATEZOLIZUMAB,2020-12-30,PRIMERA,EE,4,0,0,NO,0,27,EE,FALLECIDO,2021-04-15,2022-11-30,2023-02-18,
jfmke8CUwf,Mujer,63,PULMON,,ADENOCARCINOMA,1_5,NEGATIVO,III,B,0,DURVALUMAB,2021-08-13,ADYUVANCIA,EE,3,0,0,NO,0,13,PD,FALLECIDO,2021-11-10,2022-03-15,2023-12-04,
TC7aeDOo7B,Varon,70,MELANOMA,2021-06-06,PIEL,,NEGATIVO,IV,B,1_4,PEMBROLIZUMAB,2021-11-30,PRIMERA,RC,6,0,0,NO,0,,RC,VIVO,2022-03-15,,2025-01-02,
KhOw2grTDm,Mujer,56,PULMON,,ADENOCARCINOMA,2,NEGATIVO,III,B,0,DURVALUMAB,2021-04-01,ADYUVANCIA,RP,8,0,0,NO,0,24,RP,VIVO,2022-07-02,2022-04-20,2025-01-02,
5BMoCgaJqo,Varon,36,MELANOMA,2021-09-14,PIEL,,NEGATIVO,III,C,0,NIVOLUMAB,2021-10-28,ADYUVANCIA,RC,8,0,0,NO,0,10,PD,FALLECIDO,2021-11-20,2022-08-10,2024-06-26,
ASSVITk2aN,Mujer,61,MELANOMA,2020-03-01,PIEL,,NEGATIVO,IV,B,3_4,PEMBROLIZUMAB,2021-10-28,PRIMERA,EE,3,0,0,NO,0,7,PD,FALLECIDO,2022-02-22,2022-06-02,2023-11-28,
icgcSo1h1w,Mujer,56,MELANOMA,2013-08-02,PIEL,,NEGATIVO,IV,B,1,PEMBROLIZUMAB,2021-10-29,PRIMERA,RC,3,0,0,NO,0,,,VIVO,2022-02-06,,2025-01-02,
XcNXfTg26P,Varon,70,PULMON,,ESCAMOSO,90,NEGATIVO,IV,B,1_2,PEMBROLIZUMAB,2021-07-19,PRIMERA,RP,4,0,0,NO,0,,,FALLECIDO,2021-09-06,,2024-10-19,
e0nBPLEMcl,Varon,55,MELANOMA,,PIEL,,BRAFV600E/D,IV,B,3_4_5,PEMBROLIZUMAB,2021-10-29,SEGUNDA,EE,8,0,0,NO,0,,RP,VIVO,2022-11-29,2024-06-12,2025-01-02,
fyBsP5tXeF,Varon,63,PULMON,,ADENOCARCINOMA,<1,NEGATIVO,IV,A,1,CARBOPLATINO_PACLITAXEL_ATEZOLIZUMAB_BEVACIZUMAB,2021-12-28,PRIMERA,EE,4,0,0,NO,0,,EE,FALLECIDO,2022-03-09,2022-06-16,2023-01-27,
tCkkWamuKg,Mujer,77,MELANOMA,2021-11-17,PIEL,,BRAFV600E/D,III,C,0,NIVOLUMAB,2021-12-30,ADYUVANCIA,RC,4,8,3,SI,11,11,PD,FALLECIDO,2022-02-09,2022-05-25,2022-10-13,
GH9rQb7ybe,Mujer,76,MELANOMA,,MUCOSA,,NEGATIVO,IV,B,2_3_4,PEMBROLIZUMAB,2022-01-03,PRIMERA,EE,4,0,0,NO,0,18,PD,VIVO,2022-04-18,2022-11-18,2025-01-04,
V5qTLmbE7M,Varon,40,MELANOMA,,PIEL,,NEGATIVO,IV,B,4,PEMBROLIZUMAB,2022-01-21,PRIMERA,RC,4,0,0,NO,0,,RC,VIVO,2022-03-20,,2025-01-04,
qOTDqRGmbH,Varon,57,MELANOMA,2021-10-20,PIEL,,NEGATIVO,III,C,0,NIVOLUMAB,2021-12-29,ADYUVANCIA,RC,4,9_10,3,SI,12,12,PD,VIVO,2022-03-20,,2025-01-04,
AqSyNAQkte,Varon,65,PULMON,,ADENOCARCINOMA,,NEGATIVO,IV,A,1,ATEZOLIZUMAB,2022-01-21,SEGUNDA,EE,4,0,0,NO,0,,EE,VIVO,2022-03-20,2024-12-05,2025-01-04,
zmSdktInWj,Varon,79,PULMON,,ESCAMOSO,,NEGATIVO,IV,A,1,ATEZOLIZUMAB,2022-05-17,PRIMERA,PD,3,0,0,NO,0,3,PD,FALLECIDO,2022-07-02,2022-07-02,2022-07-02,
sZRgo7sWfO,Varon,74,PULMON,,ADENOCARCINOMA,<1,NEGATIVO,IV,A,1,CARBOPLATINO_PACLITAXEL_ATEZOLIZUMAB_BEVACIZUMAB,2022-07-08,PRIMERA,RP,4,0,0,NO,0,,RP,VIVO,2022-09-09,2023-08-16,2025-01-04,
hVWhhaa7n3,Varon,75,PULMON,,ESCAMOSO,60,NEGATIVO,III,A,0,PEMBROLIZUMAB,2022-05-04,PRIMERA,PD,3,0,0,NO,0,3,PD,FALLECIDO,,2022-07-13,2022-07-13,
BykIbaaWrL,Varon,61,PULMON,,ADENOCARCINOMA,70,MET,IV,A,1,ATEZOLIZUMAB,2022-08-03,PRIMERA,PD,2,0,0,NO,0,2,PD,FALLECIDO,,2022-09-10,2022-09-28,
TCoSK7h7z8,Varon,83,MELANOMA,2021-12-13,PIEL,,NEGATIVO,IV,A,4,PEMBROLIZUMAB,2022-08-09,PRIMERA,RP,4,0,0,NO,0,,RP,FALLECIDO,2022-12-14,2024-05-25,2024-05-25,
wS3ipYaXIC,Varon,64,PULMON,,ESCAMOSO,25,NEGATIVO,IV,A,4,QT+PEMBROLIZUMAB,2022-08-01,PRIMERA,RP,3,0,0,NO,0,,RP,FALLECIDO,,2023-06-01,2023-12-16,
yKzM4S5OxV,Mujer,67,PULMON,,ESCAMOSO,5,NEGATIVO,IV,B,1_2_3,QT+PEMBROLIZUMAB,2022-03-17,PRIMERA,EE,10,0,0,NO,0,,EE,VIVO,2022-12-20,,2025-01-04,
Ox5y2ioJiW,Varon,62,PULMON,,ADENOCARCINOMA,<1,BRAF,IV,A,1,CARBOPLATINO_PACLITAXEL_ATEZOLIZUMAB_BEVACIZUMAB,2022-06-01,PRIMERA,,,,,,,,,FALLECIDO,,2024-03-20,2024-03-26,
ThFGYVX7lk,Varon,74,PULMON,,ADENOCARCINOMA,,FGFR3,IV,A,1_3,QT+PEMBROLIZUMAB,2022-10-04,PRIMERA,RP,3,0,0,NO,0,,RP,VIVO,2022-12-05,2023-09-12,2025-01-04,
fHFwtOQO6F,Mujer,55,MELANOMA,2017-03-01,PIEL,,BRAFV600E/D,IV,B,1_4_7,PEMBROLIZUMAB,2022-09-28,SEGUNDA,,,,,,,,,FALLECIDO,,2024-01-01,2024-03-14,
ZXdAJ51aUs,Varon,67,PULMON,,ESCAMOSO,<1,NEGATIVO,IV,B,1_3_4,ATEZOLIZUMAB,2022-11-10,PRIMERA,EE,3,0,0,NO,0,8,EE,FALLECIDO,,2023-04-05,2023-09-24,
kdtXHG8IOJ,Mujer,65,PULMON,,ADENOCARCINOMA,100,PIK3CA,IV,B,1_4_7,ATEZOLIZUMAB,2022-06-09,PRIMERA,RP,3,1,2,SI,1,,RP,FALLECIDO,2022-08-10,2023-06-01,2024-05-17,
pVUSy0yjhY,Mujer,61,PULMON,,ADENOCARCINOMA,<1,KRAS,IV,B,1_3_4,CARBOPLATINO_PACLITAXEL_ATEZOLIZUMAB_BEVACIZUMAB,2022-05-18,PRIMERA,EE,3,0,0,NO,0,7,PD,FALLECIDO,2022-07-12,2022-11-07,2023-03-20,
xbdU8mWKZT,Varon,67,PULMON,,ESCAMOSO,90,NEGATIVO,IV,A,1,PEMBROLIZUMAB,2022-03-14,PRIMERA,EE,3,0,0,NO,0,,EE,FALLECIDO,2022-06-20,2023-10-01,2024-05-29,
PK2D0U90O5,Varon,75,MELANOMA,2022-08-31,PIEL,,NEGATIVO,IV,A,1,NIVOLUMAB,2022-09-29,ADYUVANCIA,RC,3,0,0,NO,0,,RC,VIVO,2022-12-02,,2025-01-05,
jvJ7TqFAI5,Varon,72,PULMON,,ESCAMOSO,30,NEGATIVO,IV,A,1,DURVALUMAB,2021-11-03,ADYUVANCIA,EE,3,0,0,NO,0,24,PD,FALLECIDO,2022-03-03,2022-06-28,2023-07-12,
GTbwQsjxa0,Varon,75,PULMON,,ADENOCARCINOMA,<1,NEGATIVO,IV,A,1,CARBOPLATINO_PACLITAXEL_ATEZOLIZUMAB_BEVACIZUMAB,2021-10-15,PRIMERA,EE,4,8,3,NO,16,,EE,FALLECIDO,2021-12-22,,2023-04-23,
i5eZdo9pHK,Mujer,74,MELANOMA,,PIEL,,NEGATIVO,III,D,0,PEMBROLIZUMAB,2021-08-04,ADYUVANCIA,PD,3,0,4,NO,0,6,PD,FALLECIDO,,2021-11-20,2023-02-20,
pF2ZIJVUjM,Varon,68,PULMON,,ADENOCARCINOMA,40,KRAS 2 p.Gly12Ala,IV,B,1_3_4,CARBOPLATINO_PACLITAXEL_ATEZOLIZUMAB_BEVACIZUMAB,2021-10-14,PRIMERA,EE,8,0,0,NO,0,25,EE,FALLECIDO,2024-05-10,,2023-09-16,
ax0IRmAmM1,Varon,33,MELANOMA,2021-12-26,PIEL,,NEGATIVO,III,C,0,PEMBROLIZUMAB,2022-02-03,ADYUVANCIA,RC,3,0,0,NO,0,18,RC,VIVO,2025-01-06,,2023-09-16,
AyCyyHEfyP,Varon,69,PULMON,,ADENOCARCINOMA,16,NEGATIVO,IV,B,1_3_4,CARBOPLATINO_PACLITAXEL_ATEZOLIZUMAB_BEVACIZUMAB,2022-07-20,PRIMERA,EE,4,3,1,SI,2,,EE,FALLECIDO,2022-10-20,2023-10-13,2024-01-04,
9agIXZXuiH,Varon,68,MELANOMA,2022-01-01,PIEL,,NEGATIVO,III,C,0,PEMBROLIZUMAB,2022-03-15,ADYUVANCIA,RC,4,0,0,N0,0,,PD,VIVO,2022-06-02,2023-03-20,2024-01-06,
imU6tLHe12,Varon,60,PULMON,,ADENOCARCINOMA,20,NEGATIVO,IV,A,1,CARBOPLATINO_PACLITAXEL_ATEZOLIZUMAB_BEVACIZUMAB,2022-12-07,PRIMERA,RP,3,0,0,NO,0,6,RP,VIVO,2023-04-04,,2025-01-06,
YVVO3hz8q2,Varon,73,PULMON,,ADENOCARCINOMA,<1,NEGATIVO,IV,B,1_3_4,QT+PEMBROLIZUMAB,2022-12-09,PRIMERA,RP,3,0,0,NO,0,5,RP,FALLECIDO,,2023-06-14,2023-11-14,
tuytnazC9x,Varon,66,PULMON,,ADENOCARCINOMA,<1,MET,IV,B,1_2_3_4,QT+PEMBROLIZUMAB,2023-01-16,PRIMERA,EE,5,5_13,2,NO,9,12,EE,FALLECIDO,2023-05-08,2023-12-20,2024-01-01,
l6dCYeYq1m,Mujer,54,MELANOMA,,PIEL,,BRAFV600K/R,IV,B,3_4,PEMBROLIZUMAB,2022-09-27,SEGUNDA,EE,8,0,0,NO,0,18,EE,VIVO,2023-03-03,,2024-12-30,
MZ6uI1G1Kh,Varon,78,PULMON,,ADENOCARCINOMA,5,NEGATIVO,IV,B,1_3_4,NIVOLUMAB,2022-10-27,SEGUNDA,EE,8,0,0,NO,0,24,EE,FALLECIDO,2023-09-18,2024-04-25,2024-04-25,
ZqC6UEwQgf,Mujer,75,MELANOMA,2022-05-01,PIEL,,NEGATIVO,IV,A,1,NIVOLUMAB,2022-09-13,PRIMERA,EE,8,0,0,NO,0,24,EE,VIVO,2022-12-12,,2024-12-05,
WhmcAqKwAd,Varon,71,PULMON,,ADENOCARCINOMA,<1,NEGATIVO,IV,B,1_2_3_4,QT+PEMBROLIZUMAB,2023-03-24,PRIMERA,RP,6,0,0,NO,0,8,RP,VIVO,2023-06-21,,2025-01-06,
rf9hHWKPmo,Varon,72,PULMON,,ADENOCARCINOMA,20,NEGATIVO,IV,B,1_5_6,QT+PEMBROLIZUMAB,2023-04-30,PRIMERA,EE,4,0,0,NO,0,12,EE,FALLECIDO,2024-04-30,,2023-09-18,
mvKJe4BRRG,Varon,72,PULMON,,ESCAMOSO,<1,NEGATIVO,IV,A,1,QT+PEMBROLIZUMAB,2022-09-01,PRIMERA,RP,5,0,0,NO,0,12,RP,VIVO,2022-11-22,,2025-01-10,
xUdKioAah4,Varon,53,PULMON,,ADENOCARCINOMA,40,MET,IV,B,1_3,QT+PEMBROLIZUMAB,2023-05-12,PRIMERA,,,,,,,,,VIVO,2023-09-18,,2025-01-10,
uA2QNdiVuy,Varon,65,PULMON,2017-02-14,ADENOCARCINOMA,>50,NEGATIVO,III,B,0,DURVALUMAB,2023-07-01,ADYUVANCIA,,,,,,,,,VIVO,2023-09-18,,2025-01-10,
5jLL2OyWzN,Varon,78,PULMON,,ESCAMOSO,>50,NEGATIVO,IV,A,1,ATEZOLIZUMAB,2023-04-04,PRIMERA,EE,4,0,0,NO,0,6,EE,VIVO,2023-06-01,,2025-01-10,
SMgn04kfPu,Varon,67,PULMON,,ESCAMOSO,>50,NEGATIVO,IV,A,1,PEMBROLIZUMAB,2023-06-20,PRIMERA,PD,4,0,0,NO,0,4,PD,VIVO,,,2025-01-10,
Xr7Ud4eUbE,Varon,64,MELANOMA,2022-07-01,PIEL,,BRAFV600E/D,III,C,0,NIVOLUMAB,2023-03-28,ADYUVANCIA,RC,4,1_3,2,NO,2,18,RC,VIVO,2023-06-03,,2025-01-10,
iaIC4yTw7x,Varon,67,MELANOMA,,PIEL,,BRAFV600K/R,IV,B,4_5,NIVOLUMAB_IPILIMUMAB,2022-08-04,PRIMERA,RC,4,1_2,3,NO,2,20,RC,VIVO,,,2024-12-19,
8pAkXAKq3L,Mujer,52,MELANOMA,2023-01-01,PIEL,5-10,NEGATIVO,III,C,0,NIVOLUMAB,2023-02-01,ADYUVANCIA,RC,4,0,0,NO,0,12,RC,VIVO,2023-06-03,,2024-01-10,
hN6YwmDBdB,Varon,61,PULMON,,ADENOCARCINOMA,46,NEGATIVO,IV,A,1,CARBOPLATINO_PACLITAXEL_ATEZOLIZUMAB_BEVACIZUMAB,2023-03-15,PRIMERA,RP,3,2_6_13,3,SI,1,12,RP,VIVO,2023-06-03,,2025-01-10,
h6b9Vp3mES,Mujer,63,PULMON,,ADENOCARCINOMA,<1,KRAS,IV,B,1_5,QT+PEMBROLIZUMAB,2023-07-05,PRIMERA,EE,2,0,0,NO,0,3,EE,FALLECIDO,2023-09-04,2023-12-12,2023-12-19,
nunzJG3m1t,Varon,76,PULMON,2022-02-01,ADENOCARCINOMA,10,NEGATIVO,III,C,0,DURVALUMAB,2023-02-01,ADYUVANCIA,RC,3,0,0,NO,0,12,RC,VIVO,2023-06-03,,2025-01-10,
7CrJrFF8qg,Varon,37,PULMON,,ADENOCARCINOMA,>50,NEGATIVO,IV,B,1_2_3_4,QT+PEMBROLIZUMAB,2023-07-15,PRIMERA,RP,2,0,0,NO,0,2,RP,FALLECIDO,2023-08-04,2023-10-26,2023-10-26,
izdxfdT8oK,Varon,74,PULMON,,ADENOCARCINOMA,1,NEGATIVO,IV,A,1,QT+PEMBROLIZUMAB,2023-07-24,PRIMERA,EE,2,0,0,NO,0,3,EE,FALLECIDO,2023-09-18,2024-07-18,2024-07-18,
idIctNpsFS,Mujer,42,MELANOMA,2016-09-06,PIEL,,BRAF,IV,C,4_5_7,NIVOLUMAB_IPILIMUMAB,2023-08-29,SEGUNDA,,,,,,,,RP,FALLECIDO,2023-09-18,2024-03-04,2024-03-04,
l8Z4lcPQ5K,Varon,71,PULMON,,ADENOCARCINOMA,<1,KRAS,IV,B,1_3,QT+PEMBROLIZUMAB,2023-06-22,PRIMERA,,,,,,,,,VIVO,,,2025-01-10,
A4OAIfOxqS,Varon,67,PULMON,,ADENOCARCINOMA,<1,KRAS,IV,B,2_3_4_7,CARBOPLATINO_PACLITAXEL_ATEZOLIZUMAB_BEVACIZUMAB,2023-10-05,PRIMERA,,,,,,,,PD,FALLECIDO,,2023-12-11,2023-12-11,
5Y8s0nE18l,Mujer,58,MELANOMA,,PIEL,,NEGATIVO,IV,B,1_4_5,NIVOLUMAB_IPILIMUMAB,2023-12-28,PRIMERA,,,,,,,,PD,FALLECIDO,,2024-03-14,2024-03-14,
30doQXvUDw,Varon,63,PULMON,,ESCAMOSO,100,NEGATIVO,III,B,0,DURVALUMAB,2023-01-17,ADYUVANCIA,,,,,,,,RP,VIVO,,2024-08-06,2025-01-10,
Yj7WnCgqUq,Varon,57,PULMON,,ADENOCARCINOMA,<1,NEGATIVO,IV,A,4,QT+PEMBROLIZUMAB,2023-07-06,PRIMERA,,,,,,,,EE,VIVO,,,2025-01-10,
FjPyea6UhO,Varon,56,PULMON,,ESCAMOSO,<1,NEGATIVO,IV,B,1_2_3,QT+PEMBROLIZUMAB,2023-12-18,PRIMERA,,,,,,,,PD,FALLECIDO,,2024-02-23,2024-02-23,
kkQBVcUZIJ,Varon,57,PULMON,,ESCAMOSO,>50,NEGATIVO,IV,B,1_6,CEMIPLIMAB,2023-11-17,PRIMERA,,,,,,,,PD,FALLECIDO,,2024-03-18,2024-04-07,
01t4dMWruK,Varon,55,PULMON,,ADENOCARCINOMA,<1,NEGATIVO,IV,C,1_4_5,QT+PEMBROLIZUMAB,2023-10-05,PRIMERA,,,,,,,,RP,FALLECIDO,,2025-01-10,2025-01-10,
pBFlSmPJq9,Varon,60,MELANOMA,2022-09-04,PIEL,,NEGATIVO,III,C,0,NIVOLUMAB,2023-02-02,ADYUVANCIA,,,,,,,,RC,VIVO,,,2025-01-10,
aUucxe654g,Varon,62,PULMON,,ADENOCARCINOMA,90,NEGATIVO,IV,B,1_2_3_4,QT+PEMBROLIZUMAB,2023-11-20,PRIMERA,,,,,,,,RP,VIVO,,,2025-01-10,
w5bPDmIm9G,Varon,72,PULMON,,ESCAMOSO,<1,NEGATIVO,IV,B,1_3_4,QT+PEMBROLIZUMAB,2023-12-18,PRIMERA,,,,,,,,PD,FALLECIDO,,2024-08-23,2024-12-05,
57ukzB5VPn,Varon,66,PULMON,,ESCAMOSO,<1,NEGATIVO,IV,A,1,QT+PEMBROLIZUMAB,2023-11-18,PRIMERA,,,,,,,,RP,VIVO,,,2025-01-10,
PJPnwo89ih,Varon,66,PULMON,,ADENOCARCINOMA,<1,ERBB2 ,IV,A,1,QT+PEMBROLIZUMAB,2024-05-15,PRIMERA,,,,,,,,EE,VIVO,,,2025-01-10,
WI73hRDUmK,Varon,52,PULMON,,ADENOCARCINOMA,<1,ROS1_BRAF_KRAS,IV,A,1,ATEZOLIZUMAB,2024-01-16,SEGUNDA,,,,,,,,EE,VIVO,,,2025-01-10,
LStq7mqfxv,Varon,61,PULMON,,ESCAMOSO,<1,NEGATIVO,IV,B,4,QT+PEMBROLIZUMAB,2024-12-13,PRIMERA,,,,,,,,EE,VIVO,,,2025-01-10,
R8dCNMwBGr,Varon,61,PULMON,,ESCAMOSO,30,NEGATIVO,IV,A,1,QT+PEMBROLIZUMAB,2024-11-05,PRIMERA,,,,,,,,EE,VIVO,,,2025-01-10,
My9M1czyej,Varon,59,PULMON,,ADENOCARCINOMA,50,BRAF,IV,A,1,PEMBROLIZUMAB,2024-04-10,PRIMERA,,,,,,,,RP,VIVO,,,2025-01-10,
fMDpxiBKsC,Varon,71,PULMON,2022-06-01,ESCAMOSO,50,NEGATIVO,IV,B,1_2,PEMBROLIZUMAB,2024-04-01,PRIMERA,,,,,,,,EE,VIVO,,,2025-01-10,
F7q4CUQCS6,Varon,55,MELANOMA,2023-10-01,PIEL,,NEGATIVO,II,B,0,PEMBROLIZUMAB,2023-10-01,ADYUVANCIA,,,,,,,,RC,VIVO,,,2025-01-10,
3atYNfxgWN,Varon,52,PULMON,,ESCAMOSO,90,NEGATIVO,III,A,0,PEMBROLIZUMAB,2024-11-06,PRIMERA,,,,,,,,EE,VIVO,,,2025-01-10,
qFeHSd9bBa,,,,,,,,,,,,,,,,,,,,,EE,VIVO,,,2025-01-28,
MEpquGgkva,Mujer,66,PULMON,,ADENOCARCINOMA,24,NRAS,IV,A,2,QT+PEMBROLIZUMAB,2024-11-04,PRIMERA,,,,,,,,EE,VIVO,,,2025-01-10,
iI1oo8BAZk,Varon,40,PULMON,,ADENOCARCINOMA,1,NEGATIVO,IV,B,4_6,QT+PEMBROLIZUMAB,2024-11-13,PRIMERA,,,,,,,,PD,VIVO,,,2025-01-10,
84fn5DHhd6,Varon,59,PULMON,,ADENOCARCINOMA,<1,TP53,IV,B,4_6,QT+PEMBROLIZUMAB,2024-12-30,PRIMERA,,,,,,,,EE,VIVO,,,2025-01-10,
1aHafWdg9B,,,,,,,,,,,,,,,,,,,,,EE,VIVO,,,2025-01-10,
Zc6cGfTfo2,Varon,61,PULMON,,ADENOCARCINOMA,90,NEGATIVO,IV,B,3_4_6_7,QT+PEMBROLIZUMAB,2022-04-06,PRIMERA,,,,,,,,EE,VIVO,,,2025-01-10,
4t4rVNnGqQ,Mujer,53,PULMON,,ADENOCARCINOMA,<1,NEGATIVO,IV,B,5,QT+PEMBROLIZUMAB,2024-03-11,PRIMERA,,,,,,,,EE,VIVO,,,2025-01-10,
r6Rj0VFCMh,,,,,,,,,,,,,,,,,,,,,EE,VIVO,,,2025-01-10,
IVv42OMjw4,Mujer,46,MELANOMA,,PIEL,<1,BRAF,IV,B,1_6,NIVOLUMAB_IPILIMUMAB,2024-12-17,PRIMERA,,,,,,,,EE,VIVO,,,2025-01-10,
xGMCBd9IUL,Varon,65,PULMON,,ESCAMOSO,10,NEGATIVO,IV,A,1,QT+PEMBROLIZUMAB,2023-05-19,PRIMERA,,,,,,,,RP,VIVO,,,2025-01-10,
RLPvEatyOX,Varon,78,PULMON,,ADENOCARCINOMA,40,BRAF,IV,B,1_6,QT+PEMBROLIZUMAB,2023-06-26,PRIMERA,,,,,,,,RP,VIVO,,,2025-01-10,
1IYgAVcfts,Mujer,66,MELANOMA,2024-04-28,PIEL,,NEGATIVO,III,C,0,PEMBROLIZUMAB,2024-05-22,ADYUVANCIA,,,,,,,,RC,VIVO,,,2025-01-15,
9Az6wrqR5t,Mujer,57,PULMON,,ADENOCARCINOMA,<1,NEGATIVO,IV,A,1,QT+PEMBROLIZUMAB,2024-07-09,PRIMERA,,,,,,,,RP,VIVO,,,2025-01-15,
WKHWiRgMTC,,,,,#REF!,,,,,,,,,,,,,,,,,,,,,
xESvSnfvhq,,,,,#REF!,,,,,,,,,,,,,,,,,,,,,
IOABrjySzA,,,,,#REF!,,,,,,,,,,,,,,,,,,,,,
